ano_campeonato,time_mandante,time_visitante,gols_mandante,gols_visitante
2022,Goiás,Palmeiras,1,1
2022,Goiás,Santos,1,0
2022,Goiás,Cuiabá-MT,1,0
2022,Goiás,Athletico-PR,2,1
2022,Goiás,Coritiba FC,1,0
2022,Goiás,Atlético-GO,2,1
2022,Goiás,Flamengo,1,1
2022,Goiás,Botafogo,0,1
2022,Goiás,Corinthians,0,0
2022,Goiás,América-MG,2,2
2022,Goiás,Juventude,1,0
2022,Santos,América-MG,3,0
2022,Santos,Ceará SC,0,0
2022,Santos,Palmeiras,0,1
2022,Santos,Internacional,1,1
2022,Santos,Atlético-GO,1,0
2022,Santos,Botafogo,2,0
2022,Santos,Fluminense,2,2
2022,Santos,São Paulo,1,0
2022,Santos,Athletico-PR,2,0
2022,Santos,Atlético-MG,1,2
2022,Santos,Juventude,4,1
2022,Santos,Corinthians,0,1
2022,Santos,Avaí FC,1,1
2022,Santos,Fortaleza,0,2
2022,Avaí FC,América-MG,1,0
2022,Avaí FC,Goiás,3,2
2022,Avaí FC,Coritiba FC,2,1
2022,Avaí FC,Palmeiras,2,2
2022,Avaí FC,Cuiabá-MT,1,2
2022,Avaí FC,Santos,1,0
2022,Avaí FC,Flamengo,1,2
2022,Avaí FC,Corinthians,1,1
2022,Avaí FC,Internacional,0,1
2022,Avaí FC,Athletico-PR,1,1
2022,Avaí FC,Atlético-MG,1,0
2022,Avaí FC,Botafogo,1,2
2022,Avaí FC,RB Bragantino,1,2
2022,Avaí FC,Ceará SC,2,0
2022,Botafogo,Juventude,1,1
2022,Botafogo,Goiás,1,2
2022,Botafogo,São Paulo,1,0
2022,Botafogo,Fluminense,0,1
2022,Botafogo,Atlético-MG,0,1
2022,Botafogo,Athletico-PR,2,0
2022,Botafogo,Ceará SC,1,1
2022,Botafogo,Atlético-GO,0,0
2022,Botafogo,Flamengo,0,1
2022,Botafogo,América-MG,0,0
2022,Botafogo,Coritiba FC,2,0
2022,Botafogo,Internacional,0,1
2022,Botafogo,RB Bragantino,2,1
2022,Botafogo,Santos,3,0
2022,Flamengo,Palmeiras,0,0
2022,Flamengo,Botafogo,0,1
2022,Flamengo,Goiás,1,0
2022,Flamengo,Cuiabá-MT,2,0
2022,Flamengo,América-MG,3,0
2022,Flamengo,Coritiba FC,2,0
2022,Flamengo,Juventude,4,0
2022,Flamengo,Atlético-GO,4,1
2022,Flamengo,Athletico-PR,5,0
2022,Flamengo,RB Bragantino,4,1
2022,Flamengo,Internacional,0,0
2022,Flamengo,Atlético-MG,1,0
2022,Flamengo,Santos,3,2
2022,Ceará SC,Coritiba FC,1,1
2022,Ceará SC,Atlético-MG,0,0
2022,Ceará SC,Avaí FC,1,0
2022,Ceará SC,Athletico-PR,0,0
2022,Ceará SC,Santos,2,1
2022,Ceará SC,Goiás,1,1
2022,Ceará SC,Cuiabá-MT,1,1
2022,Ceará SC,Fluminense,0,1
2022,Ceará SC,Juventude,4,1
2022,Fortaleza,São Paulo,1,1
2022,Fortaleza,Juventude,1,1
2022,Fortaleza,Goiás,1,1
2022,Fortaleza,Athletico-PR,0,0
2022,Fortaleza,América-MG,1,0
2022,Fortaleza,Palmeiras,0,0
2022,Fortaleza,Santos,0,0
2022,Fortaleza,Internacional,3,0
2022,Fortaleza,Corinthians,1,0
2022,Fortaleza,Avaí FC,2,0
2022,Fortaleza,Atlético-MG,0,0
2022,Fortaleza,Coritiba FC,3,1
2022,Fortaleza,RB Bragantino,6,0
2022,Juventude,Cuiabá-MT,0,1
2022,Juventude,Internacional,1,1
2022,Juventude,Fluminense,1,0
2022,Juventude,Santos,1,2
2022,Juventude,Goiás,0,0
2022,Juventude,Ceará SC,1,0
2022,Juventude,Botafogo,2,2
2022,Juventude,Avaí FC,1,1
2022,Juventude,Atlético-GO,1,1
2022,Juventude,Coritiba FC,0,1
2022,Palmeiras,Corinthians,3,0
2022,Palmeiras,Fluminense,1,1
2022,Palmeiras,RB Bragantino,2,0
2022,Palmeiras,Atlético-MG,0,0
2022,Palmeiras,Botafogo,4,0
2022,Palmeiras,Cuiabá-MT,1,0
2022,Palmeiras,Internacional,2,1
2022,Palmeiras,Goiás,3,0
2022,Palmeiras,Juventude,2,1
2022,Palmeiras,Santos,1,0
2022,Palmeiras,Coritiba FC,4,0
2022,Palmeiras,São Paulo,0,0
2022,Palmeiras,Avaí FC,3,0
2022,Palmeiras,Fortaleza,4,0
2022,Cuiabá-MT,Fluminense,0,1
2022,Cuiabá-MT,Internacional,1,1
2022,Cuiabá-MT,Athletico-PR,0,1
2022,Cuiabá-MT,Corinthians,1,0
2022,Cuiabá-MT,Ceará SC,0,0
2022,Cuiabá-MT,Botafogo,2,0
2022,Cuiabá-MT,Atlético-MG,1,1
2022,Cuiabá-MT,Juventude,1,0
2022,Cuiabá-MT,Santos,0,0
2022,Cuiabá-MT,São Paulo,1,1
2022,Cuiabá-MT,América-MG,2,1
2022,Cuiabá-MT,Flamengo,1,2
2022,Cuiabá-MT,Avaí FC,1,0
2022,Cuiabá-MT,Palmeiras,1,1
2022,Cuiabá-MT,Coritiba FC,2,1
2022,Fluminense,Santos,0,0
2022,Fluminense,Internacional,0,1
2022,Fluminense,Athletico-PR,2,1
2022,Fluminense,Avaí FC,2,0
2022,Fluminense,Corinthians,4,0
2022,Fluminense,Ceará SC,2,1
2022,Fluminense,RB Bragantino,2,1
2022,Fluminense,Cuiabá-MT,1,0
2022,Fluminense,Coritiba FC,5,2
2022,Fluminense,Fortaleza,2,1
2022,Fluminense,Juventude,4,0
2022,Fluminense,Goiás,3,0
2022,São Paulo,Athletico-PR,4,0
2022,São Paulo,América-MG,1,0
2022,São Paulo,Palmeiras,1,2
2022,São Paulo,Juventude,0,0
2022,São Paulo,RB Bragantino,3,0
2022,São Paulo,Avaí FC,4,0
2022,São Paulo,Coritiba FC,3,1
2022,São Paulo,Botafogo,0,1
2022,São Paulo,Atlético-GO,2,1
2022,América-MG,Juventude,4,1
2022,América-MG,Athletico-PR,1,0
2022,América-MG,Botafogo,1,1
2022,América-MG,Fluminense,0,0
2022,América-MG,Goiás,1,0
2022,América-MG,Palmeiras,0,1
2022,América-MG,Santos,1,0
2022,América-MG,Coritiba FC,2,0
2022,América-MG,Corinthians,1,0
2022,América-MG,Internacional,1,0
2022,Corinthians,Avaí FC,3,0
2022,Corinthians,Fortaleza,1,0
2022,Corinthians,América-MG,1,1
2022,Corinthians,Juventude,2,0
2022,Corinthians,Goiás,1,0
2022,Corinthians,Santos,0,0
2022,Corinthians,Flamengo,1,0
2022,Corinthians,Coritiba FC,3,1
2022,Corinthians,Botafogo,1,0
2022,Corinthians,Palmeiras,0,1
2022,Corinthians,RB Bragantino,1,0
2022,Corinthians,Cuiabá-MT,2,0
2022,Corinthians,Athletico-PR,2,1
2022,Corinthians,Ceará SC,1,0
2022,Coritiba FC,Goiás,3,0
2022,Coritiba FC,América-MG,1,0
2022,Coritiba FC,Botafogo,1,0
2022,Coritiba FC,Athletico-PR,0,1
2022,Coritiba FC,Fortaleza,2,1
2022,Coritiba FC,Cuiabá-MT,1,0
2022,Coritiba FC,Santos,1,2
2022,Coritiba FC,Atlético-MG,0,1
2022,Coritiba FC,Avaí FC,1,0
2022,Coritiba FC,Atlético-GO,2,0
2022,Coritiba FC,Ceará SC,1,0
2022,Coritiba FC,Internacional,1,1
2022,Coritiba FC,Flamengo,1,0
2022,Athletico-PR,Atlético-MG,0,1
2022,Athletico-PR,Flamengo,1,0
2022,Athletico-PR,Ceará SC,1,0
2022,Athletico-PR,Avaí FC,2,1
2022,Athletico-PR,RB Bragantino,4,2
2022,Athletico-PR,Internacional,0,0
2022,Athletico-PR,Atlético-GO,4,1
2022,Athletico-PR,São Paulo,1,0
2022,Athletico-PR,América-MG,1,1
2022,Athletico-PR,Fluminense,1,0
2022,Athletico-PR,Juventude,2,0
2022,Athletico-PR,Coritiba FC,1,0
2022,Athletico-PR,Palmeiras,1,3
2022,Athletico-PR,Botafogo,3,0
2022,Atlético-GO,Flamengo,1,1
2022,Atlético-GO,Botafogo,1,1
2022,Atlético-GO,Coritiba FC,2,0
2022,Atlético-GO,Fortaleza,0,1
2022,Atlético-GO,RB Bragantino,2,1
2022,Atlético-GO,Cuiabá-MT,1,1
2022,Atlético-GO,Palmeiras,1,1
2022,Atlético-GO,Ceará SC,1,0
2022,Atlético-GO,Athletico-PR,1,1
2022,Atlético-MG,Internacional,2,0
2022,Atlético-MG,Coritiba FC,2,2
2022,Atlético-MG,Atlético-GO,2,0
2022,Atlético-MG,Santos,1,1
2022,Atlético-MG,Flamengo,2,0
2022,Atlético-MG,São Paulo,0,0
2022,Atlético-MG,Corinthians,1,2
2022,Atlético-MG,Athletico-PR,2,3
2022,Atlético-MG,Goiás,0,1
2022,Atlético-MG,Palmeiras,0,1
2022,Atlético-MG,Fluminense,2,0
2022,Atlético-MG,Ceará SC,0,0
2022,Atlético-MG,Juventude,1,0
2022,Atlético-MG,Botafogo,0,2
2022,Atlético-MG,Cuiabá-MT,3,0
2022,Internacional,Avaí FC,0,0
2022,Internacional,Atlético-GO,1,1
2022,Internacional,Flamengo,3,1
2022,Internacional,Coritiba FC,3,0
2022,Internacional,América-MG,1,0
2022,Internacional,Atlético-MG,3,0
2022,Internacional,Fluminense,3,0
2022,Internacional,Juventude,4,0
2022,Internacional,Cuiabá-MT,1,0
2022,Internacional,RB Bragantino,0,0
2022,Internacional,Santos,1,0
2022,Internacional,Athletico-PR,2,0
2022,Internacional,Palmeiras,3,0
2022,RB Bragantino,Atlético-GO,4,0
2022,RB Bragantino,São Paulo,1,1
2022,RB Bragantino,Corinthians,0,1
2022,RB Bragantino,Atlético-MG,1,1
2022,RB Bragantino,Internacional,0,2
2022,RB Bragantino,Flamengo,1,0
2022,RB Bragantino,Coritiba FC,4,2
2022,RB Bragantino,Botafogo,0,1
2022,RB Bragantino,Avaí FC,4,0
2022,RB Bragantino,Fortaleza,2,1
2022,RB Bragantino,Juventude,1,0
2022,RB Bragantino,Ceará SC,1,1
2022,RB Bragantino,Goiás,1,1
2022,RB Bragantino,Santos,0,2
2022,RB Bragantino,Athletico-PR,4,2
2022,Goiás,Atlético-MG,2,2
2022,Goiás,RB Bragantino,1,1
2022,Goiás,Ceará SC,1,1
2022,Goiás,Internacional,1,2
2022,Goiás,Fluminense,2,3
2022,Goiás,Avaí FC,1,1
2022,Goiás,Fortaleza,0,1
2022,Goiás,São Paulo,0,4
2022,Santos,Coritiba FC,2,1
2022,Santos,Cuiabá-MT,4,1
2022,Santos,RB Bragantino,2,2
2022,Santos,Flamengo,1,2
2022,Santos,Goiás,1,2
2022,Avaí FC,Juventude,1,2
2022,Avaí FC,São Paulo,1,1
2022,Avaí FC,Fortaleza,3,2
2022,Avaí FC,Atlético-GO,1,2
2022,Botafogo,Fortaleza,3,1
2022,Botafogo,Avaí FC,0,1
2022,Botafogo,Cuiabá-MT,0,2
2022,Flamengo,São Paulo,3,1
2022,Flamengo,Fortaleza,1,2
2022,Flamengo,Ceará SC,1,1
2022,Flamengo,Fluminense,1,2
2022,Flamengo,Corinthians,1,2
2022,Flamengo,Avaí FC,1,2
2022,Ceará SC,Botafogo,1,3
2022,Ceará SC,RB Bragantino,0,1
2022,Ceará SC,Atlético-GO,1,1
2022,Ceará SC,Internacional,1,1
2022,Ceará SC,Corinthians,3,1
2022,Ceará SC,Fortaleza,0,1
2022,Ceará SC,São Paulo,0,2
2022,Ceará SC,América-MG,1,2
2022,Fortaleza,Cuiabá-MT,0,1
2022,Fortaleza,Ceará SC,0,1
2022,Fortaleza,Fluminense,0,1
2022,Fortaleza,Atlético-GO,1,1
2022,Juventude,RB Bragantino,2,2
2022,Juventude,Athletico-PR,1,3
2022,Juventude,Atlético-MG,1,2
2022,Juventude,América-MG,0,1
2022,Juventude,Fortaleza,1,1
2022,Juventude,Corinthians,2,2
2022,Juventude,São Paulo,1,2
2022,Juventude,Flamengo,2,2
2022,Palmeiras,Atlético-GO,4,2
2022,Palmeiras,Athletico-PR,0,2
2022,Palmeiras,Flamengo,1,1
2022,Palmeiras,América-MG,2,1
2022,Cuiabá-MT,Atlético-GO,1,1
2022,Cuiabá-MT,RB Bragantino,1,1
2022,Cuiabá-MT,Fortaleza,0,1
2022,Fluminense,Flamengo,1,2
2022,Fluminense,Palmeiras,1,1
2022,Fluminense,Botafogo,2,2
2022,Fluminense,São Paulo,3,1
2022,São Paulo,Santos,2,1
2022,São Paulo,Cuiabá-MT,2,1
2022,São Paulo,Ceará SC,2,2
2022,São Paulo,Fluminense,2,2
2022,São Paulo,Flamengo,0,2
2022,São Paulo,Fortaleza,0,1
2022,São Paulo,Corinthians,1,1
2022,São Paulo,Atlético-MG,2,2
2022,São Paulo,Internacional,0,1
2022,América-MG,Cuiabá-MT,2,1
2022,América-MG,Ceará SC,0,2
2022,América-MG,Avaí FC,3,1
2022,América-MG,Atlético-MG,1,1
2022,América-MG,São Paulo,1,2
2022,América-MG,Fortaleza,1,2
2022,América-MG,Atlético-GO,1,1
2022,Corinthians,São Paulo,1,1
2022,Corinthians,Internacional,2,2
2022,Corinthians,Atlético-GO,2,1
2022,Corinthians,Fluminense,0,2
2022,Corinthians,Atlético-MG,0,1
2022,Coritiba FC,São Paulo,1,1
2022,Coritiba FC,Palmeiras,0,2
2022,Coritiba FC,RB Bragantino,2,1
2022,Coritiba FC,Corinthians,2,2
2022,Athletico-PR,Santos,2,2
2022,Athletico-PR,Corinthians,1,1
2022,Athletico-PR,Cuiabá-MT,2,2
2022,Athletico-PR,Fortaleza,1,1
2022,Athletico-PR,Goiás,3,2
2022,Atlético-GO,Goiás,0,1
2022,Atlético-GO,Corinthians,0,1
2022,Atlético-GO,Avaí FC,2,1
2022,Atlético-GO,Juventude,3,1
2022,Atlético-GO,São Paulo,1,2
2022,Atlético-GO,América-MG,0,1
2022,Atlético-GO,Atlético-MG,0,2
2022,Atlético-GO,Santos,2,3
2022,Atlético-MG,América-MG,1,2
2022,Atlético-MG,Avaí FC,2,1
2022,Atlético-MG,RB Bragantino,1,1
2022,Internacional,Fortaleza,2,1
2022,Internacional,Corinthians,2,2
2022,Internacional,Botafogo,2,3
2022,Internacional,Ceará SC,2,1
2022,RB Bragantino,Palmeiras,2,2
2022,RB Bragantino,Cuiabá-MT,2,1
2022,RB Bragantino,Fluminense,0,1
2022,Avaí FC,Fluminense,0,3
2022,Botafogo,Palmeiras,1,3
2022,Ceará SC,Flamengo,2,2
2022,Ceará SC,Palmeiras,1,2
2022,Fortaleza,Botafogo,1,3
2022,Fortaleza,Flamengo,3,2
2022,Juventude,Palmeiras,0,3
2022,Palmeiras,Ceará SC,2,3
2022,Cuiabá-MT,Goiás,1,2
2022,Fluminense,Atlético-MG,5,3
2022,Fluminense,Atlético-GO,0,2
2022,Fluminense,América-MG,0,2
2022,São Paulo,Goiás,3,3
2022,América-MG,Flamengo,1,2
2022,Coritiba FC,Fluminense,3,2
2022,Coritiba FC,Juventude,2,2
2022,Atlético-GO,Internacional,1,2
2022,Atlético-GO,Fluminense,3,2
2022,Atlético-MG,Fortaleza,3,2
2022,Internacional,São Paulo,3,3
2022,Internacional,Goiás,4,2
2022,Botafogo,Corinthians,1,3
2022,América-MG,RB Bragantino,0,3
2022,RB Bragantino,América-MG,1,4
2021,Santos,Ceará SC,3,1
2021,Santos,Juventude,0,0
2021,Santos,São Paulo,2,0
2021,Santos,Atlético-MG,2,0
2021,Santos,Sport Recife,0,0
2021,Santos,Athletico-PR,2,1
2021,Santos,Atlético-GO,0,1
2021,Santos,Corinthians,0,0
2021,Santos,Internacional,2,2
2021,Santos,Flamengo,0,4
2021,Santos,EC Bahia,0,0
2021,Santos,Fluminense,2,0
2021,Santos,Grêmio,1,0
2021,Santos,América-MG,0,2
2021,Santos,Palmeiras,0,2
2021,Santos,RB Bragantino,2,0
2021,Santos,Chapecoense,2,0
2021,Santos,Fortaleza,2,0
2021,Santos,Cuiabá-MT,1,1
2021,Grêmio,Flamengo,2,2
2021,Grêmio,Athletico-PR,0,1
2021,Grêmio,Santos,2,2
2021,Grêmio,Fortaleza,0,0
2021,Grêmio,Atlético-GO,0,1
2021,Grêmio,Internacional,0,0
2021,Grêmio,América-MG,1,1
2021,Grêmio,Chapecoense,2,1
2021,Grêmio,EC Bahia,2,0
2021,Grêmio,Corinthians,0,1
2021,Grêmio,Ceará SC,2,0
2021,Grêmio,Sport Recife,1,2
2021,Grêmio,Cuiabá-MT,2,2
2021,Grêmio,Juventude,3,2
2021,Grêmio,Palmeiras,1,3
2021,Grêmio,Fluminense,1,0
2021,Grêmio,RB Bragantino,3,0
2021,Grêmio,São Paulo,3,0
2021,Grêmio,Atlético-MG,4,3
2021,EC Bahia,Santos,3,0
2021,EC Bahia,Internacional,0,1
2021,EC Bahia,Corinthians,0,0
2021,EC Bahia,Athletico-PR,2,1
2021,EC Bahia,América-MG,3,4
2021,EC Bahia,Juventude,1,0
2021,EC Bahia,Flamengo,0,5
2021,EC Bahia,Sport Recife,0,1
2021,EC Bahia,Atlético-GO,1,2
2021,EC Bahia,Fortaleza,4,2
2021,EC Bahia,RB Bragantino,1,1
2021,EC Bahia,Ceará SC,1,1
2021,EC Bahia,Palmeiras,0,0
2021,EC Bahia,Chapecoense,3,0
2021,EC Bahia,São Paulo,1,0
2021,EC Bahia,Atlético-MG,2,3
2021,EC Bahia,Cuiabá-MT,0,0
2021,EC Bahia,Grêmio,3,1
2021,EC Bahia,Fluminense,2,0
2021,Flamengo,Palmeiras,1,0
2021,Flamengo,América-MG,2,0
2021,Flamengo,RB Bragantino,2,3
2021,Flamengo,Fortaleza,2,1
2021,Flamengo,Fluminense,0,1
2021,Flamengo,Chapecoense,2,1
2021,Flamengo,São Paulo,5,1
2021,Flamengo,Internacional,0,4
2021,Flamengo,Sport Recife,2,0
2021,Flamengo,Atlético-GO,2,0
2021,Flamengo,Grêmio,0,1
2021,Flamengo,Athletico-PR,3,0
2021,Flamengo,Juventude,3,1
2021,Flamengo,Cuiabá-MT,0,0
2021,Flamengo,Atlético-MG,1,0
2021,Flamengo,EC Bahia,3,0
2021,Flamengo,Corinthians,1,0
2021,Flamengo,Ceará SC,2,1
2021,Flamengo,Santos,0,1
2021,Ceará SC,Grêmio,3,2
2021,Ceará SC,EC Bahia,1,2
2021,Ceará SC,Atlético-MG,2,1
2021,Ceará SC,São Paulo,1,1
2021,Ceará SC,Juventude,2,0
2021,Ceará SC,Athletico-PR,1,0
2021,Ceará SC,Fortaleza,3,1
2021,Ceará SC,Atlético-GO,0,0
2021,Ceará SC,Flamengo,1,1
2021,Ceará SC,Palmeiras,1,2
2021,Ceará SC,Santos,0,0
2021,Ceará SC,Chapecoense,1,0
2021,Ceará SC,Internacional,0,0
2021,Ceará SC,RB Bragantino,2,2
2021,Ceará SC,Fluminense,1,0
2021,Ceará SC,Cuiabá-MT,1,0
2021,Ceará SC,Sport Recife,2,1
2021,Ceará SC,Corinthians,2,1
2021,Ceará SC,América-MG,0,0
2021,Fortaleza,Internacional,5,1
2021,Fortaleza,Sport Recife,1,0
2021,Fortaleza,Fluminense,1,1
2021,Fortaleza,Chapecoense,3,2
2021,Fortaleza,América-MG,4,0
2021,Fortaleza,Corinthians,1,0
2021,Fortaleza,RB Bragantino,1,0
2021,Fortaleza,Santos,1,1
2021,Fortaleza,Cuiabá-MT,0,0
2021,Fortaleza,Atlético-MG,0,2
2021,Fortaleza,Atlético-GO,0,3
2021,Fortaleza,Flamengo,0,3
2021,Fortaleza,Grêmio,1,0
2021,Fortaleza,Athletico-PR,3,0
2021,Fortaleza,São Paulo,1,1
2021,Fortaleza,Ceará SC,0,4
2021,Fortaleza,Palmeiras,1,0
2021,Fortaleza,Juventude,1,0
2021,Fortaleza,EC Bahia,2,1
2021,Juventude,Athletico-PR,0,3
2021,Juventude,Palmeiras,0,3
2021,Juventude,Sport Recife,1,0
2021,Juventude,Flamengo,1,0
2021,Juventude,Grêmio,2,0
2021,Juventude,Atlético-GO,1,1
2021,Juventude,Chapecoense,1,0
2021,Juventude,Atlético-MG,1,2
2021,Juventude,Fortaleza,1,1
2021,Juventude,São Paulo,1,1
2021,Juventude,Cuiabá-MT,1,2
2021,Juventude,Santos,3,0
2021,Juventude,América-MG,1,1
2021,Juventude,Ceará SC,0,0
2021,Juventude,EC Bahia,0,0
2021,Juventude,Internacional,2,1
2021,Juventude,Fluminense,1,0
2021,Juventude,RB Bragantino,1,0
2021,Juventude,Corinthians,1,0
2021,Palmeiras,Chapecoense,3,1
2021,Palmeiras,Corinthians,1,1
2021,Palmeiras,América-MG,2,1
2021,Palmeiras,EC Bahia,3,2
2021,Palmeiras,Grêmio,2,0
2021,Palmeiras,Santos,3,2
2021,Palmeiras,Fluminense,1,0
2021,Palmeiras,Fortaleza,2,3
2021,Palmeiras,Cuiabá-MT,0,2
2021,Palmeiras,Athletico-PR,2,1
2021,Palmeiras,Flamengo,1,3
2021,Palmeiras,Juventude,1,1
2021,Palmeiras,RB Bragantino,2,4
2021,Palmeiras,Internacional,1,0
2021,Palmeiras,Sport Recife,2,1
2021,Palmeiras,Atlético-GO,4,0
2021,Palmeiras,São Paulo,0,2
2021,Palmeiras,Atlético-MG,2,2
2021,Palmeiras,Ceará SC,1,0
2021,Cuiabá-MT,Juventude,2,2
2021,Cuiabá-MT,Atlético-GO,2,1
2021,Cuiabá-MT,Grêmio,0,1
2021,Cuiabá-MT,Flamengo,0,2
2021,Cuiabá-MT,Atlético-MG,0,1
2021,Cuiabá-MT,Ceará SC,2,2
2021,Cuiabá-MT,Corinthians,1,2
2021,Cuiabá-MT,EC Bahia,1,1
2021,Cuiabá-MT,Athletico-PR,1,0
2021,Cuiabá-MT,Santos,2,1
2021,Cuiabá-MT,Fluminense,2,2
2021,Cuiabá-MT,América-MG,0,2
2021,Cuiabá-MT,São Paulo,0,0
2021,Cuiabá-MT,Sport Recife,1,0
2021,Cuiabá-MT,RB Bragantino,1,0
2021,Cuiabá-MT,Chapecoense,0,0
2021,Cuiabá-MT,Internacional,1,0
2021,Cuiabá-MT,Palmeiras,1,3
2021,Cuiabá-MT,Fortaleza,1,0
2021,Fluminense,Cuiabá-MT,1,0
2021,Fluminense,Santos,1,0
2021,Fluminense,Corinthians,1,1
2021,Fluminense,Athletico-PR,1,4
2021,Fluminense,Ceará SC,0,0
2021,Fluminense,Grêmio,0,1
2021,Fluminense,Juventude,1,1
2021,Fluminense,Atlético-MG,1,1
2021,Fluminense,EC Bahia,2,0
2021,Fluminense,São Paulo,2,1
2021,Fluminense,RB Bragantino,2,1
2021,Fluminense,Fortaleza,0,2
2021,Fluminense,Atlético-GO,0,0
2021,Fluminense,Flamengo,3,1
2021,Fluminense,Sport Recife,1,0
2021,Fluminense,Palmeiras,2,1
2021,Fluminense,América-MG,2,0
2021,Fluminense,Internacional,1,0
2021,Fluminense,Chapecoense,3,0
2021,São Paulo,Fluminense,0,0
2021,São Paulo,Chapecoense,1,1
2021,São Paulo,Cuiabá-MT,2,2
2021,São Paulo,RB Bragantino,1,2
2021,São Paulo,EC Bahia,1,0
2021,São Paulo,Fortaleza,0,1
2021,São Paulo,Palmeiras,0,0
2021,São Paulo,Grêmio,2,1
2021,São Paulo,América-MG,0,0
2021,São Paulo,Atlético-GO,2,1
2021,São Paulo,Atlético-MG,0,0
2021,São Paulo,Santos,1,1
2021,São Paulo,Ceará SC,1,1
2021,São Paulo,Corinthians,1,0
2021,São Paulo,Internacional,1,0
2021,São Paulo,Flamengo,0,4
2021,São Paulo,Athletico-PR,0,0
2021,São Paulo,Sport Recife,2,0
2021,São Paulo,Juventude,3,1
2021,América-MG,Corinthians,0,1
2021,América-MG,Cuiabá-MT,0,0
2021,América-MG,Juventude,1,1
2021,América-MG,Internacional,1,1
2021,América-MG,Santos,2,0
2021,América-MG,Atlético-MG,0,1
2021,América-MG,Sport Recife,0,1
2021,América-MG,Fluminense,1,0
2021,América-MG,RB Bragantino,0,2
2021,América-MG,Ceará SC,2,0
2021,América-MG,Athletico-PR,2,0
2021,América-MG,Flamengo,1,1
2021,América-MG,Palmeiras,2,1
2021,América-MG,EC Bahia,0,0
2021,América-MG,Fortaleza,2,1
2021,América-MG,Grêmio,3,1
2021,América-MG,Atlético-GO,0,0
2021,América-MG,Chapecoense,3,0
2021,América-MG,São Paulo,2,0
2021,Chapecoense,RB Bragantino,0,3
2021,Chapecoense,Ceará SC,0,0
2021,Chapecoense,Internacional,1,2
2021,Chapecoense,EC Bahia,0,2
2021,Chapecoense,Corinthians,0,1
2021,Chapecoense,Cuiabá-MT,2,3
2021,Chapecoense,Santos,0,1
2021,Chapecoense,América-MG,1,1
2021,Chapecoense,Fluminense,1,2
2021,Chapecoense,Palmeiras,0,2
2021,Chapecoense,São Paulo,1,1
2021,Chapecoense,Atlético-MG,2,2
2021,Chapecoense,Athletico-PR,1,1
2021,Chapecoense,Fortaleza,1,2
2021,Chapecoense,Flamengo,2,2
2021,Chapecoense,Juventude,0,2
2021,Chapecoense,Grêmio,1,3
2021,Chapecoense,Atlético-GO,0,1
2021,Chapecoense,Sport Recife,0,1
2021,Corinthians,Atlético-GO,0,1
2021,Corinthians,RB Bragantino,1,2
2021,Corinthians,Sport Recife,2,1
2021,Corinthians,São Paulo,0,0
2021,Corinthians,Internacional,1,1
2021,Corinthians,Atlético-MG,1,2
2021,Corinthians,Flamengo,1,3
2021,Corinthians,Ceará SC,3,1
2021,Corinthians,Juventude,1,1
2021,Corinthians,América-MG,1,1
2021,Corinthians,Palmeiras,2,1
2021,Corinthians,EC Bahia,3,1
2021,Corinthians,Fluminense,1,0
2021,Corinthians,Chapecoense,1,0
2021,Corinthians,Fortaleza,1,0
2021,Corinthians,Cuiabá-MT,3,2
2021,Corinthians,Santos,2,0
2021,Corinthians,Athletico-PR,1,0
2021,Corinthians,Grêmio,1,1
2021,Athletico-PR,América-MG,1,0
2021,Athletico-PR,Flamengo,2,2
2021,Athletico-PR,Atlético-GO,2,1
2021,Athletico-PR,Chapecoense,2,2
2021,Athletico-PR,Fortaleza,2,1
2021,Athletico-PR,RB Bragantino,2,2
2021,Athletico-PR,Internacional,2,1
2021,Athletico-PR,São Paulo,1,2
2021,Athletico-PR,Corinthians,0,1
2021,Athletico-PR,Sport Recife,0,0
2021,Athletico-PR,Juventude,2,1
2021,Athletico-PR,Grêmio,4,2
2021,Athletico-PR,EC Bahia,0,2
2021,Athletico-PR,Fluminense,0,1
2021,Athletico-PR,Santos,0,1
2021,Athletico-PR,Ceará SC,2,1
2021,Athletico-PR,Atlético-MG,0,1
2021,Athletico-PR,Cuiabá-MT,1,0
2021,Athletico-PR,Palmeiras,0,0
2021,Atlético-GO,São Paulo,2,0
2021,Atlético-GO,Fortaleza,0,0
2021,Atlético-GO,Fluminense,1,0
2021,Atlético-GO,RB Bragantino,0,1
2021,Atlético-GO,Sport Recife,1,1
2021,Atlético-GO,Palmeiras,0,3
2021,Atlético-GO,América-MG,1,1
2021,Atlético-GO,Chapecoense,1,1
2021,Atlético-GO,Internacional,0,0
2021,Atlético-GO,Corinthians,1,1
2021,Atlético-GO,Cuiabá-MT,0,0
2021,Atlético-GO,Athletico-PR,0,2
2021,Atlético-GO,Atlético-MG,2,1
2021,Atlético-GO,Grêmio,2,0
2021,Atlético-GO,Juventude,1,1
2021,Atlético-GO,Santos,0,0
2021,Atlético-GO,Ceará SC,1,1
2021,Atlético-GO,EC Bahia,2,1
2021,Atlético-GO,Flamengo,2,0
2021,Atlético-MG,Fortaleza,1,2
2021,Atlético-MG,São Paulo,1,0
2021,Atlético-MG,Chapecoense,1,1
2021,Atlético-MG,Atlético-GO,4,1
2021,Atlético-MG,Flamengo,2,1
2021,Atlético-MG,EC Bahia,3,0
2021,Atlético-MG,Athletico-PR,2,0
2021,Atlético-MG,Palmeiras,2,0
2021,Atlético-MG,Grêmio,2,1
2021,Atlético-MG,Sport Recife,3,0
2021,Atlético-MG,Internacional,1,0
2021,Atlético-MG,Ceará SC,3,1
2021,Atlético-MG,Santos,3,1
2021,Atlético-MG,Cuiabá-MT,2,1
2021,Atlético-MG,América-MG,1,0
2021,Atlético-MG,Corinthians,3,0
2021,Atlético-MG,Juventude,2,0
2021,Atlético-MG,Fluminense,2,1
2021,Atlético-MG,RB Bragantino,4,3
2021,Sport Recife,Atlético-MG,0,1
2021,Sport Recife,Grêmio,1,0
2021,Sport Recife,Cuiabá-MT,0,0
2021,Sport Recife,Palmeiras,0,1
2021,Sport Recife,Fluminense,1,2
2021,Sport Recife,Ceará SC,0,0
2021,Sport Recife,RB Bragantino,0,0
2021,Sport Recife,São Paulo,0,1
2021,Sport Recife,Chapecoense,0,0
2021,Sport Recife,Internacional,0,1
2021,Sport Recife,Fortaleza,0,1
2021,Sport Recife,Juventude,3,1
2021,Sport Recife,Corinthians,1,0
2021,Sport Recife,Santos,0,0
2021,Sport Recife,Atlético-GO,2,0
2021,Sport Recife,América-MG,2,3
2021,Sport Recife,EC Bahia,1,0
2021,Sport Recife,Flamengo,1,1
2021,Sport Recife,Athletico-PR,1,1
2021,Internacional,Sport Recife,2,2
2021,Internacional,Atlético-MG,0,1
2021,Internacional,Ceará SC,1,1
2021,Internacional,Palmeiras,1,2
2021,Internacional,São Paulo,0,2
2021,Internacional,Juventude,1,0
2021,Internacional,Cuiabá-MT,0,0
2021,Internacional,Fluminense,4,2
2021,Internacional,RB Bragantino,1,1
2021,Internacional,Fortaleza,1,0
2021,Internacional,EC Bahia,2,0
2021,Internacional,Chapecoense,5,2
2021,Internacional,América-MG,3,1
2021,Internacional,Corinthians,2,2
2021,Internacional,Grêmio,1,0
2021,Internacional,Athletico-PR,2,1
2021,Internacional,Flamengo,1,2
2021,Internacional,Santos,1,1
2021,Internacional,Atlético-GO,1,2
2021,RB Bragantino,EC Bahia,3,3
2021,RB Bragantino,Fluminense,2,2
2021,RB Bragantino,Palmeiras,3,1
2021,RB Bragantino,Ceará SC,0,0
2021,RB Bragantino,Cuiabá-MT,1,1
2021,RB Bragantino,Santos,2,2
2021,RB Bragantino,Grêmio,1,0
2021,RB Bragantino,Juventude,1,2
2021,RB Bragantino,Atlético-MG,1,1
2021,RB Bragantino,Chapecoense,1,2
2021,RB Bragantino,Corinthians,2,2
2021,RB Bragantino,Flamengo,1,1
2021,RB Bragantino,Atlético-GO,1,0
2021,RB Bragantino,São Paulo,1,0
2021,RB Bragantino,Athletico-PR,0,2
2021,RB Bragantino,Fortaleza,3,0
2021,RB Bragantino,Sport Recife,3,0
2021,RB Bragantino,América-MG,1,1
2021,RB Bragantino,Internacional,1,0
2020,Grêmio,Fluminense,1,0
2020,Grêmio,Corinthians,0,0
2020,Grêmio,Goiás EC,2,1
2020,Grêmio,Palmeiras,1,1
2020,Grêmio,Internacional,1,1
2020,Grêmio,Coritiba FC,2,1
2020,Grêmio,RB Bragantino,2,1
2020,Grêmio,Flamengo,2,4
2020,Grêmio,Vasco da Gama,4,0
2020,Grêmio,Atlético-GO,2,1
2020,Grêmio,EC Bahia,2,1
2020,Grêmio,São Paulo,1,2
2020,Grêmio,Athletico-PR,1,0
2020,Botafogo,Atlético-MG,2,1
2020,Botafogo,Coritiba FC,0,0
2020,Botafogo,Santos FC,0,0
2020,Botafogo,Palmeiras,2,1
2020,Botafogo,Goiás EC,0,0
2020,Botafogo,Fortaleza,1,2
2020,Botafogo,Flamengo,0,1
2020,Botafogo,Atlético-GO,1,3
2020,Botafogo,São Paulo,1,0
2020,EC Bahia,Coritiba FC,1,0
2020,EC Bahia,RB Bragantino,2,1
2020,EC Bahia,Palmeiras,1,1
2020,EC Bahia,Vasco da Gama,3,0
2020,EC Bahia,Fortaleza,2,1
2020,EC Bahia,Botafogo,1,0
2020,EC Bahia,São Paulo,1,3
2020,EC Bahia,Ceará SC,0,2
2020,EC Bahia,Corinthians,2,1
2020,EC Bahia,Athletico-PR,1,0
2020,EC Bahia,Santos FC,2,0
2020,Flamengo,Botafogo,1,1
2020,Flamengo,Athletico-PR,3,1
2020,Flamengo,Sport Recife,3,0
2020,Flamengo,RB Bragantino,1,1
2020,Flamengo,Atlético-GO,1,1
2020,Flamengo,Coritiba FC,3,1
2020,Flamengo,Santos FC,4,1
2020,Flamengo,EC Bahia,4,3
2020,Flamengo,Fluminense,1,2
2020,Flamengo,Palmeiras,2,0
2020,Flamengo,Vasco da Gama,2,0
2020,Ceará SC,Grêmio,1,1
2020,Ceará SC,Vasco da Gama,0,3
2020,Ceará SC,EC Bahia,2,0
2020,Ceará SC,Fortaleza,1,0
2020,Ceará SC,Flamengo,2,0
2020,Ceará SC,Sport Recife,0,0
2020,Ceará SC,Atlético-GO,1,2
2020,Ceará SC,Internacional,0,2
2020,Ceará SC,RB Bragantino,1,2
2020,Ceará SC,Athletico-PR,0,2
2020,Ceará SC,Botafogo,2,1
2020,Fortaleza,Botafogo,0,0
2020,Fortaleza,RB Bragantino,3,0
2020,Fortaleza,Sport Recife,1,0
2020,Fortaleza,Internacional,1,0
2020,Fortaleza,Atlético-GO,0,0
2020,Fortaleza,Palmeiras,2,0
2020,Fortaleza,Fluminense,0,1
2020,Fortaleza,Corinthians,0,0
2020,Fortaleza,Ceará SC,0,2
2020,Fortaleza,Flamengo,0,0
2020,Fortaleza,Grêmio,0,0
2020,Fortaleza,Santos FC,2,0
2020,Fortaleza,Vasco da Gama,3,0
2020,Goiás EC,Atlético-GO,2,0
2020,Goiás EC,Internacional,1,0
2020,Goiás EC,EC Bahia,1,1
2020,Goiás EC,Palmeiras,1,0
2020,Goiás EC,Grêmio,0,0
2020,Goiás EC,Sport Recife,1,0
2020,Goiás EC,Atlético-MG,1,0
2020,Goiás EC,Botafogo,2,0
2020,Goiás EC,RB Bragantino,0,0
2020,Palmeiras,Santos FC,2,1
2020,Palmeiras,Internacional,1,1
2020,Palmeiras,Flamengo,1,1
2020,Palmeiras,São Paulo,0,2
2020,Palmeiras,Atlético-MG,3,0
2020,Palmeiras,Fluminense,2,0
2020,Palmeiras,Athletico-PR,3,0
2020,Palmeiras,EC Bahia,3,0
2020,Palmeiras,RB Bragantino,1,0
2020,Palmeiras,Corinthians,4,0
2020,Palmeiras,Grêmio,1,1
2020,Palmeiras,Botafogo,1,1
2020,Palmeiras,Fortaleza,3,0
2020,Santos FC,RB Bragantino,1,1
2020,Santos FC,Athletico-PR,3,1
2020,Santos FC,Fortaleza,1,1
2020,Santos FC,Grêmio,2,1
2020,Santos FC,Atlético-GO,0,1
2020,Santos FC,Internacional,2,0
2020,Santos FC,Palmeiras,2,2
2020,Santos FC,Goiás EC,3,4
2020,Santos FC,Corinthians,1,0
2020,Santos FC,Coritiba FC,2,0
2020,Fluminense,Vasco da Gama,2,1
2020,Fluminense,Atlético-GO,1,1
2020,Fluminense,Corinthians,2,1
2020,Fluminense,Coritiba FC,4,0
2020,Fluminense,EC Bahia,1,0
2020,Fluminense,RB Bragantino,0,0
2020,Fluminense,Sport Recife,1,0
2020,Fluminense,Botafogo,2,0
2020,Fluminense,Goiás EC,3,0
2020,Fluminense,Atlético-MG,0,0
2020,Fluminense,Fortaleza,2,0
2020,São Paulo,Fortaleza,1,0
2020,São Paulo,RB Bragantino,1,1
2020,São Paulo,Athletico-PR,1,0
2020,São Paulo,Atlético-GO,3,0
2020,São Paulo,Grêmio,0,0
2020,São Paulo,Botafogo,4,0
2020,São Paulo,Sport Recife,1,0
2020,São Paulo,Atlético-MG,3,0
2020,São Paulo,Santos FC,0,1
2020,São Paulo,Coritiba FC,1,1
2020,São Paulo,Palmeiras,1,1
2020,São Paulo,Ceará SC,1,1
2020,São Paulo,Flamengo,2,1
2020,Corinthians,Atlético-GO,0,0
2020,Corinthians,Fortaleza,1,1
2020,Corinthians,Internacional,1,0
2020,Corinthians,Atlético-MG,1,2
2020,Corinthians,Grêmio,0,0
2020,Corinthians,São Paulo,1,0
2020,Corinthians,Fluminense,5,0
2020,Corinthians,Sport Recife,3,0
2020,Corinthians,Vasco da Gama,0,0
2020,Coritiba FC,Internacional,0,1
2020,Coritiba FC,Sport Recife,1,0
2020,Coritiba FC,Vasco da Gama,1,0
2020,Coritiba FC,São Paulo,1,1
2020,Coritiba FC,Fortaleza,0,0
2020,Coritiba FC,Atlético-GO,1,0
2020,Coritiba FC,RB Bragantino,0,0
2020,Coritiba FC,Botafogo,1,2
2020,Coritiba FC,Athletico-PR,0,0
2020,Coritiba FC,Fluminense,3,3
2020,Coritiba FC,Palmeiras,1,0
2020,Coritiba FC,Ceará SC,0,2
2020,Athletico-PR,Palmeiras,0,1
2020,Athletico-PR,Botafogo,1,1
2020,Athletico-PR,Coritiba FC,1,0
2020,Athletico-PR,EC Bahia,1,0
2020,Athletico-PR,Ceará SC,0,0
2020,Athletico-PR,Corinthians,0,1
2020,Athletico-PR,Grêmio,1,2
2020,Athletico-PR,Santos FC,1,0
2020,Athletico-PR,Vasco da Gama,3,0
2020,Athletico-PR,São Paulo,1,1
2020,Athletico-PR,Internacional,0,0
2020,Athletico-PR,Atlético-GO,2,1
2020,Athletico-PR,Sport Recife,2,0
2020,Atlético-GO,Flamengo,3,0
2020,Atlético-GO,Sport Recife,1,1
2020,Atlético-GO,Ceará SC,0,2
2020,Atlético-GO,Atlético-MG,3,4
2020,Atlético-GO,Athletico-PR,1,1
2020,Atlético-GO,Corinthians,1,1
2020,Atlético-GO,Internacional,0,0
2020,Atlético-GO,Fluminense,2,1
2020,Atlético-GO,Vasco da Gama,0,0
2020,Atlético-GO,EC Bahia,1,1
2020,Atlético-GO,Fortaleza,2,0
2020,Atlético-GO,Santos FC,1,1
2020,Atlético-GO,Coritiba FC,3,1
2020,Atlético-MG,Ceará SC,2,0
2020,Atlético-MG,São Paulo,3,0
2020,Atlético-MG,RB Bragantino,2,1
2020,Atlético-MG,Grêmio,3,1
2020,Atlético-MG,Goiás EC,3,0
2020,Atlético-MG,Sport Recife,0,0
2020,Atlético-MG,Flamengo,4,0
2020,Atlético-MG,Botafogo,2,1
2020,Atlético-MG,Coritiba FC,2,0
2020,Atlético-MG,Santos FC,2,0
2020,Atlético-MG,Atlético-GO,3,1
2020,Atlético-MG,Fortaleza,2,0
2020,Atlético-MG,EC Bahia,1,1
2020,Atlético-MG,Palmeiras,2,0
2020,Sport Recife,Santos FC,0,1
2020,Sport Recife,Goiás EC,2,1
2020,Sport Recife,Fluminense,1,0
2020,Sport Recife,Corinthians,1,0
2020,Sport Recife,Athletico-PR,1,0
2020,Sport Recife,Atlético-GO,0,1
2020,Sport Recife,Coritiba FC,1,0
2020,Sport Recife,Grêmio,1,1
2020,Sport Recife,Fortaleza,1,0
2020,Sport Recife,EC Bahia,2,0
2020,Sport Recife,RB Bragantino,0,0
2020,Internacional,Santos FC,2,0
2020,Internacional,Atlético-GO,3,0
2020,Internacional,Atlético-MG,1,0
2020,Internacional,Ceará SC,2,0
2020,Internacional,Vasco da Gama,2,0
2020,Internacional,Coritiba FC,2,2
2020,Internacional,Fluminense,1,2
2020,Internacional,Palmeiras,2,0
2020,Internacional,Goiás EC,1,0
2020,Internacional,Grêmio,2,1
2020,Internacional,Corinthians,0,0
2020,RB Bragantino,Botafogo,1,1
2020,RB Bragantino,Palmeiras,1,2
2020,RB Bragantino,Corinthians,0,0
2020,RB Bragantino,Sport Recife,2,0
2020,RB Bragantino,Goiás EC,2,0
2020,RB Bragantino,Santos FC,1,1
2020,RB Bragantino,EC Bahia,4,0
2020,RB Bragantino,Atlético-MG,2,2
2020,RB Bragantino,Vasco da Gama,4,1
2020,RB Bragantino,Atlético-GO,2,0
2020,RB Bragantino,Grêmio,1,0
2020,Vasco da Gama,Sport Recife,2,0
2020,Vasco da Gama,São Paulo,2,1
2020,Vasco da Gama,Grêmio,0,0
2020,Vasco da Gama,Athletico-PR,1,0
2020,Vasco da Gama,Atlético-GO,1,2
2020,Vasco da Gama,RB Bragantino,1,1
2020,Vasco da Gama,Flamengo,1,2
2020,Vasco da Gama,Fortaleza,0,0
2020,Vasco da Gama,Palmeiras,0,1
2020,Vasco da Gama,Santos FC,1,0
2020,Vasco da Gama,Botafogo,3,0
2020,Vasco da Gama,Atlético-MG,3,2
2020,Vasco da Gama,EC Bahia,0,0
2020,Grêmio,Sport Recife,1,2
2020,Grêmio,Fortaleza,1,1
2020,Grêmio,Botafogo,3,1
2020,Grêmio,Ceará SC,4,2
2020,Grêmio,Atlético-MG,1,1
2020,Grêmio,Santos FC,3,3
2020,Botafogo,EC Bahia,1,2
2020,Botafogo,Vasco da Gama,2,3
2020,Botafogo,Fluminense,1,1
2020,Botafogo,Ceará SC,2,2
2020,Botafogo,RB Bragantino,1,2
2020,Botafogo,Corinthians,0,2
2020,Botafogo,Athletico-PR,0,2
2020,Botafogo,Sport Recife,0,1
2020,EC Bahia,Grêmio,0,2
2020,EC Bahia,Atlético-GO,0,1
2020,EC Bahia,Sport Recife,1,2
2020,EC Bahia,Atlético-MG,3,1
2020,EC Bahia,Internacional,1,2
2020,EC Bahia,Fluminense,0,1
2020,EC Bahia,Goiás EC,3,3
2020,Flamengo,Atlético-MG,0,1
2020,Flamengo,Grêmio,1,1
2020,Flamengo,Fortaleza,2,1
2020,Flamengo,Goiás EC,2,1
2020,Flamengo,Ceará SC,0,2
2020,Flamengo,Corinthians,2,1
2020,Flamengo,Internacional,2,1
2020,Ceará SC,Santos FC,0,1
2020,Ceará SC,Goiás EC,2,2
2020,Ceará SC,Corinthians,2,1
2020,Ceará SC,São Paulo,1,1
2020,Ceará SC,Coritiba FC,2,1
2020,Ceará SC,Atlético-MG,2,2
2020,Ceará SC,Palmeiras,2,1
2020,Ceará SC,Fluminense,1,3
2020,Fortaleza,Atlético-MG,2,1
2020,Fortaleza,São Paulo,2,3
2020,Fortaleza,Goiás EC,1,1
2020,Fortaleza,Coritiba FC,3,1
2020,Fortaleza,EC Bahia,0,4
2020,Goiás EC,São Paulo,0,3
2020,Goiás EC,Fortaleza,1,3
2020,Goiás EC,Corinthians,1,2
2020,Goiás EC,Santos FC,2,3
2020,Goiás EC,Fluminense,2,4
2020,Goiás EC,Vasco da Gama,1,1
2020,Goiás EC,Athletico-PR,0,1
2020,Goiás EC,Flamengo,0,3
2020,Palmeiras,Vasco da Gama,1,1
2020,Palmeiras,Goiás EC,1,1
2020,Palmeiras,Sport Recife,2,2
2020,Palmeiras,Ceará SC,2,1
2020,Palmeiras,Atlético-GO,1,1
2020,Santos FC,Flamengo,0,1
2020,Santos FC,Vasco da Gama,2,2
2020,Santos FC,Atlético-MG,3,1
2020,Santos FC,EC Bahia,3,1
2020,Santos FC,Ceará SC,1,1
2020,Santos FC,Botafogo,2,1
2020,Santos FC,Fluminense,1,1
2020,Fluminense,Palmeiras,1,1
2020,Fluminense,Internacional,2,1
2020,Fluminense,Ceará SC,2,2
2020,Fluminense,Santos FC,3,1
2020,Fluminense,Grêmio,0,1
2020,Fluminense,Athletico-PR,3,1
2020,Fluminense,São Paulo,1,2
2020,São Paulo,EC Bahia,1,1
2020,São Paulo,Corinthians,2,1
2020,São Paulo,Fluminense,3,1
2020,São Paulo,Goiás EC,2,1
2020,São Paulo,Vasco da Gama,1,1
2020,Corinthians,Coritiba FC,3,1
2020,Corinthians,Botafogo,2,2
2020,Corinthians,Palmeiras,0,2
2020,Corinthians,EC Bahia,3,2
2020,Corinthians,Santos FC,1,1
2020,Corinthians,Flamengo,1,5
2020,Corinthians,Goiás EC,2,1
2020,Corinthians,Ceará SC,2,1
2020,Coritiba FC,Flamengo,0,1
2020,Coritiba FC,Atlético-MG,0,1
2020,Coritiba FC,EC Bahia,1,2
2020,Coritiba FC,Corinthians,0,1
2020,Coritiba FC,Grêmio,1,1
2020,Athletico-PR,Goiás EC,2,1
2020,Athletico-PR,Fluminense,0,1
2020,Athletico-PR,RB Bragantino,1,1
2020,Athletico-PR,Fortaleza,2,1
2020,Athletico-PR,Atlético-MG,0,1
2020,Athletico-PR,Flamengo,2,1
2020,Atlético-GO,Grêmio,1,1
2020,Atlético-GO,Botafogo,1,1
2020,Atlético-GO,RB Bragantino,2,1
2020,Atlético-GO,Palmeiras,0,3
2020,Atlético-GO,Goiás EC,0,1
2020,Atlético-GO,São Paulo,2,1
2020,Atlético-MG,Vasco da Gama,4,1
2020,Atlético-MG,Fluminense,1,1
2020,Atlético-MG,Internacional,2,2
2020,Sport Recife,Ceará SC,3,2
2020,Sport Recife,São Paulo,0,1
2020,Sport Recife,Vasco da Gama,0,2
2020,Sport Recife,Palmeiras,0,1
2020,Sport Recife,Atlético-MG,2,3
2020,Internacional,EC Bahia,2,2
2020,Internacional,São Paulo,1,1
2020,Internacional,Athletico-PR,2,1
2020,Internacional,Flamengo,2,2
2020,Internacional,Botafogo,2,1
2020,Internacional,Fortaleza,4,2
2020,Internacional,RB Bragantino,2,1
2020,RB Bragantino,Fluminense,2,1
2020,RB Bragantino,Coritiba FC,1,2
2020,RB Bragantino,Ceará SC,4,2
2020,RB Bragantino,Fortaleza,2,1
2020,RB Bragantino,Athletico-PR,0,1
2020,RB Bragantino,São Paulo,4,2
2020,RB Bragantino,Flamengo,1,1
2020,Vasco da Gama,Corinthians,1,2
2020,Vasco da Gama,Fluminense,1,1
2020,Vasco da Gama,Coritiba FC,0,1
2020,Vasco da Gama,Internacional,0,2
2020,Botafogo,Internacional,0,2
2020,Botafogo,Grêmio,2,5
2020,Flamengo,São Paulo,1,4
2020,Fortaleza,Athletico-PR,0,2
2020,Goiás EC,Coritiba FC,3,3
2020,Goiás EC,Ceará SC,0,4
2020,Palmeiras,Coritiba FC,1,3
2020,Santos FC,São Paulo,2,2
2020,Santos FC,Sport Recife,4,2
2020,Fluminense,Flamengo,1,2
2020,São Paulo,Internacional,1,5
2020,Corinthians,RB Bragantino,0,2
2020,Corinthians,Athletico-PR,3,3
2020,Coritiba FC,Santos FC,1,2
2020,Coritiba FC,Goiás EC,1,2
2020,Atlético-MG,Corinthians,3,2
2020,Atlético-MG,Athletico-PR,0,2
2020,Sport Recife,Botafogo,1,2
2020,Sport Recife,Internacional,3,5
2020,Sport Recife,Flamengo,0,3
2020,Internacional,Sport Recife,1,2
2020,RB Bragantino,Internacional,0,2
2020,Vasco da Gama,Ceará SC,1,4
2020,Vasco da Gama,Goiás EC,3,2
2020,EC Bahia,Flamengo,3,5
2019,CSA,Palmeiras,1,1
2019,CSA,Grêmio,0,0
2019,CSA,Fortaleza,0,2
2019,CSA,Cruzeiro,1,1
2019,CSA,Chapecoense,2,0
2019,CSA,Ceará SC,1,0
2019,CSA,Avaí FC,3,1
2019,CSA,Internacional,1,0
2019,CSA,Atlético-MG,2,2
2019,CSA,Corinthians,2,1
2019,CSA,Vasco da Gama,0,3
2019,CSA,Fluminense,0,1
2019,CSA,EC Bahia,1,2
2019,Grêmio,Chapecoense,3,3
2019,Grêmio,Palmeiras,1,1
2019,Grêmio,Athletico-PR,2,1
2019,Grêmio,Goiás EC,3,0
2019,Grêmio,Avaí FC,6,1
2019,Grêmio,Corinthians,0,0
2019,Grêmio,Ceará SC,2,1
2019,Grêmio,Botafogo,3,0
2019,Grêmio,Internacional,2,0
2019,Grêmio,CSA,2,1
2019,Grêmio,São Paulo,3,0
2019,Grêmio,Cruzeiro,2,0
2019,Avaí FC,Botafogo,0,2
2019,Avaí FC,Cruzeiro,2,2
2019,Avaí FC,Corinthians,1,1
2019,Avaí FC,Flamengo,0,3
2019,Avaí FC,Atlético-MG,1,0
2019,Avaí FC,EC Bahia,0,2
2019,Avaí FC,Palmeiras,1,2
2019,Avaí FC,Fortaleza,1,3
2019,Avaí FC,Santos FC,1,2
2019,Avaí FC,Fluminense,1,1
2019,Avaí FC,Athletico-PR,0,0
2019,Botafogo,Athletico-PR,2,1
2019,Botafogo,Chapecoense,0,0
2019,Botafogo,Atlético-MG,2,1
2019,Botafogo,São Paulo,1,2
2019,Botafogo,Fluminense,0,1
2019,Botafogo,Goiás EC,3,1
2019,Botafogo,CSA,2,1
2019,Botafogo,Cruzeiro,0,2
2019,Botafogo,Internacional,0,1
2019,Cruzeiro,Athletico-PR,0,2
2019,Cruzeiro,Santos FC,2,0
2019,Cruzeiro,Vasco da Gama,1,0
2019,Cruzeiro,Grêmio,1,4
2019,Cruzeiro,Flamengo,1,2
2019,Cruzeiro,São Paulo,1,0
2019,Cruzeiro,Fortaleza,1,1
2019,Cruzeiro,EC Bahia,1,1
2019,Cruzeiro,CSA,0,1
2019,EC Bahia,Flamengo,3,0
2019,EC Bahia,Goiás EC,1,1
2019,EC Bahia,CSA,1,0
2019,EC Bahia,Fortaleza,1,1
2019,EC Bahia,Botafogo,2,0
2019,EC Bahia,São Paulo,0,0
2019,EC Bahia,Ceará SC,1,2
2019,EC Bahia,Internacional,2,3
2019,EC Bahia,Chapecoense,1,1
2019,EC Bahia,Atlético-MG,1,1
2019,EC Bahia,Vasco da Gama,1,1
2019,Flamengo,Botafogo,3,2
2019,Flamengo,Grêmio,3,1
2019,Flamengo,Palmeiras,3,0
2019,Flamengo,Santos FC,1,0
2019,Flamengo,Internacional,3,1
2019,Flamengo,São Paulo,0,0
2019,Flamengo,CSA,1,0
2019,Flamengo,Corinthians,4,1
2019,Flamengo,Vasco da Gama,4,4
2019,Flamengo,Ceará SC,4,1
2019,Flamengo,Avaí FC,6,1
2019,Ceará SC,Fortaleza,2,1
2019,Ceará SC,Chapecoense,4,1
2019,Ceará SC,Flamengo,0,3
2019,Ceará SC,Botafogo,0,0
2019,Ceará SC,Cruzeiro,0,0
2019,Ceará SC,Vasco da Gama,1,1
2019,Ceará SC,Fluminense,2,0
2019,Ceará SC,Internacional,2,0
2019,Ceará SC,Athletico-PR,1,1
2019,Ceará SC,Corinthians,0,1
2019,Fortaleza,Corinthians,1,3
2019,Fortaleza,Internacional,0,1
2019,Fortaleza,Goiás EC,2,0
2019,Fortaleza,Fluminense,0,1
2019,Fortaleza,Palmeiras,0,1
2019,Fortaleza,Botafogo,1,0
2019,Fortaleza,Flamengo,1,2
2019,Fortaleza,Atlético-MG,2,2
2019,Fortaleza,Santos FC,2,1
2019,Goiás EC,Atlético-MG,0,0
2019,Goiás EC,Vasco da Gama,0,1
2019,Goiás EC,Internacional,2,1
2019,Goiás EC,Palmeiras,1,2
2019,Goiás EC,Fluminense,3,0
2019,Goiás EC,CSA,1,0
2019,Goiás EC,Flamengo,2,2
2019,Goiás EC,Avaí FC,2,0
2019,Goiás EC,EC Bahia,4,3
2019,Goiás EC,Fortaleza,1,2
2019,Palmeiras,Vasco da Gama,1,1
2019,Palmeiras,EC Bahia,2,2
2019,Palmeiras,Fluminense,3,0
2019,Palmeiras,Cruzeiro,1,0
2019,Palmeiras,CSA,6,2
2019,Palmeiras,Atlético-MG,1,1
2019,Palmeiras,Chapecoense,1,0
2019,Palmeiras,São Paulo,3,0
2019,Palmeiras,Ceará SC,1,0
2019,Palmeiras,Grêmio,1,2
2019,Palmeiras,Flamengo,1,3
2019,Palmeiras,Goiás EC,5,1
2019,Santos FC,Avaí FC,3,1
2019,Santos FC,Goiás EC,6,1
2019,Santos FC,Fortaleza,3,3
2019,Santos FC,Athletico-PR,1,1
2019,Santos FC,Grêmio,0,3
2019,Santos FC,CSA,2,0
2019,Santos FC,EC Bahia,1,0
2019,Santos FC,Botafogo,4,1
2019,Santos FC,Cruzeiro,4,1
2019,Santos FC,Chapecoense,2,0
2019,Fluminense,São Paulo,1,2
2019,Fluminense,Internacional,2,1
2019,Fluminense,CSA,0,1
2019,Fluminense,Avaí FC,0,1
2019,Fluminense,Corinthians,1,0
2019,Fluminense,Santos FC,1,1
2019,Fluminense,Athletico-PR,1,2
2019,Fluminense,Chapecoense,1,1
2019,Fluminense,Vasco da Gama,0,0
2019,Fluminense,Atlético-MG,1,1
2019,Fluminense,Palmeiras,1,0
2019,Fluminense,Fortaleza,0,0
2019,São Paulo,Santos FC,3,2
2019,São Paulo,Ceará SC,1,0
2019,São Paulo,Grêmio,0,0
2019,São Paulo,CSA,1,1
2019,São Paulo,Goiás EC,0,1
2019,São Paulo,Fortaleza,2,1
2019,São Paulo,Atlético-MG,2,0
2019,São Paulo,Fluminense,0,2
2019,São Paulo,Vasco da Gama,1,0
2019,São Paulo,Internacional,2,1
2019,Chapecoense,EC Bahia,0,0
2019,Chapecoense,Avaí FC,1,0
2019,Chapecoense,Santos FC,0,1
2019,Chapecoense,Vasco da Gama,1,2
2019,Chapecoense,Corinthians,0,1
2019,Chapecoense,Flamengo,0,1
2019,Chapecoense,São Paulo,0,3
2019,Chapecoense,Ceará SC,1,0
2019,Chapecoense,Botafogo,0,1
2019,Chapecoense,CSA,3,0
2019,Corinthians,Chapecoense,1,0
2019,Corinthians,Goiás EC,2,0
2019,Corinthians,Palmeiras,1,1
2019,Corinthians,Botafogo,2,0
2019,Corinthians,Atlético-MG,1,0
2019,Corinthians,Ceará SC,2,2
2019,Corinthians,EC Bahia,2,1
2019,Corinthians,Santos FC,0,0
2019,Corinthians,Internacional,0,0
2019,Corinthians,Avaí FC,3,0
2019,Athletico-PR,São Paulo,0,1
2019,Athletico-PR,Atlético-MG,1,0
2019,Athletico-PR,Ceará SC,1,0
2019,Athletico-PR,Avaí FC,0,1
2019,Athletico-PR,Fortaleza,4,1
2019,Athletico-PR,Goiás EC,4,1
2019,Athletico-PR,CSA,1,0
2019,Athletico-PR,Cruzeiro,0,0
2019,Athletico-PR,Botafogo,1,0
2019,Athletico-PR,Grêmio,2,0
2019,Athletico-PR,Santos FC,1,0
2019,Atlético-MG,Cruzeiro,2,0
2019,Atlético-MG,Fluminense,2,1
2019,Atlético-MG,EC Bahia,0,1
2019,Atlético-MG,Internacional,1,3
2019,Atlético-MG,Vasco da Gama,1,2
2019,Atlético-MG,Chapecoense,0,2
2019,Atlético-MG,Goiás EC,2,0
2019,Atlético-MG,Athletico-PR,0,1
2019,Atlético-MG,Corinthians,2,1
2019,Atlético-MG,Botafogo,2,0
2019,Internacional,Flamengo,2,1
2019,Internacional,Ceará SC,1,0
2019,Internacional,Corinthians,0,0
2019,Internacional,Botafogo,3,2
2019,Internacional,São Paulo,1,0
2019,Internacional,Chapecoense,1,0
2019,Internacional,Vasco da Gama,0,1
2019,Internacional,Athletico-PR,1,1
2019,Internacional,Fortaleza,2,2
2019,Internacional,Goiás EC,1,2
2019,Vasco da Gama,CSA,0,0
2019,Vasco da Gama,Flamengo,1,4
2019,Vasco da Gama,São Paulo,2,0
2019,Vasco da Gama,EC Bahia,0,2
2019,Vasco da Gama,Athletico-PR,1,1
2019,Vasco da Gama,Santos FC,0,1
2019,Vasco da Gama,Fortaleza,1,0
2019,Vasco da Gama,Botafogo,2,1
2019,Vasco da Gama,Grêmio,1,3
2019,Vasco da Gama,Palmeiras,1,2
2019,Vasco da Gama,Goiás EC,1,1
2019,Vasco da Gama,Cruzeiro,1,0
2019,CSA,Goiás EC,1,0
2019,CSA,Botafogo,1,2
2019,CSA,Athletico-PR,0,4
2019,Grêmio,Fluminense,4,5
2019,Grêmio,Atlético-MG,1,0
2019,Grêmio,Fortaleza,1,0
2019,Grêmio,EC Bahia,0,1
2019,Grêmio,Flamengo,0,1
2019,Avaí FC,Grêmio,1,1
2019,Avaí FC,CSA,0,0
2019,Avaí FC,Goiás EC,0,0
2019,Avaí FC,Chapecoense,0,1
2019,Botafogo,Flamengo,0,1
2019,Cruzeiro,Chapecoense,1,2
2019,Cruzeiro,Botafogo,0,0
2019,Cruzeiro,Fluminense,0,0
2019,Cruzeiro,Atlético-MG,0,0
2019,Cruzeiro,Avaí FC,0,0
2019,EC Bahia,Corinthians,3,2
2019,EC Bahia,Palmeiras,1,1
2019,Flamengo,Chapecoense,2,1
2019,Flamengo,Athletico-PR,3,2
2019,Flamengo,EC Bahia,3,1
2019,Ceará SC,São Paulo,1,1
2019,Fortaleza,Athletico-PR,2,1
2019,Fortaleza,São Paulo,0,1
2019,Fortaleza,Vasco da Gama,1,1
2019,Fortaleza,Grêmio,2,1
2019,Fortaleza,Ceará SC,1,0
2019,Goiás EC,Botafogo,1,0
2019,Goiás EC,Chapecoense,3,1
2019,Goiás EC,Corinthians,2,2
2019,Palmeiras,Internacional,1,0
2019,Palmeiras,Botafogo,1,0
2019,Palmeiras,Corinthians,1,1
2019,Santos FC,Atlético-MG,3,1
2019,Santos FC,Palmeiras,2,0
2019,Santos FC,Flamengo,4,0
2019,Fluminense,Goiás EC,0,1
2019,Fluminense,Flamengo,0,0
2019,Fluminense,EC Bahia,2,0
2019,São Paulo,EC Bahia,0,0
2019,São Paulo,Corinthians,1,0
2019,São Paulo,Athletico-PR,0,1
2019,Chapecoense,Athletico-PR,1,1
2019,Chapecoense,Palmeiras,1,2
2019,Chapecoense,Cruzeiro,1,1
2019,Chapecoense,Grêmio,0,1
2019,Corinthians,CSA,1,0
2019,Corinthians,Athletico-PR,2,2
2019,Corinthians,Cruzeiro,1,2
2019,Athletico-PR,Fluminense,3,0
2019,Athletico-PR,Chapecoense,1,1
2019,Athletico-PR,Flamengo,0,2
2019,Atlético-MG,Flamengo,2,1
2019,Atlético-MG,CSA,4,0
2019,Atlético-MG,São Paulo,1,1
2019,Atlético-MG,Fortaleza,2,2
2019,Internacional,Cruzeiro,3,1
2019,Internacional,EC Bahia,3,1
2019,Internacional,Grêmio,1,1
2019,Internacional,Fluminense,2,1
2019,Vasco da Gama,Corinthians,1,1
2019,Vasco da Gama,Chapecoense,1,1
2019,CSA,Santos FC,0,0
2019,CSA,Flamengo,0,2
2019,CSA,São Paulo,1,2
2019,Grêmio,Santos FC,1,2
2019,Grêmio,Vasco da Gama,2,1
2019,Avaí FC,Ceará SC,1,2
2019,Avaí FC,São Paulo,0,0
2019,Avaí FC,Vasco da Gama,0,0
2019,Botafogo,Fortaleza,1,0
2019,Botafogo,Vasco da Gama,1,0
2019,Botafogo,Santos FC,0,1
2019,Botafogo,Avaí FC,2,0
2019,Cruzeiro,Goiás EC,2,1
2019,Cruzeiro,Corinthians,0,0
2019,Cruzeiro,Internacional,1,1
2019,EC Bahia,Avaí FC,1,0
2019,EC Bahia,Santos FC,0,1
2019,EC Bahia,Athletico-PR,1,2
2019,Flamengo,Cruzeiro,3,1
2019,Flamengo,Fortaleza,2,0
2019,Flamengo,Atlético-MG,3,1
2019,Flamengo,Fluminense,2,0
2019,Ceará SC,CSA,4,0
2019,Ceará SC,Atlético-MG,1,2
2019,Ceará SC,Grêmio,2,1
2019,Ceará SC,Palmeiras,2,0
2019,Ceará SC,Goiás EC,0,1
2019,Fortaleza,Cruzeiro,2,1
2019,Fortaleza,Avaí FC,2,0
2019,Fortaleza,Chapecoense,2,0
2019,Fortaleza,CSA,3,0
2019,Goiás EC,São Paulo,1,2
2019,Goiás EC,Athletico-PR,2,1
2019,Palmeiras,Fortaleza,4,0
2019,Palmeiras,Santos FC,4,0
2019,Palmeiras,Athletico-PR,1,0
2019,Palmeiras,Avaí FC,2,0
2019,Santos FC,Corinthians,1,0
2019,Fluminense,Cruzeiro,4,1
2019,Fluminense,Grêmio,2,1
2019,São Paulo,Botafogo,2,0
2019,São Paulo,Flamengo,1,1
2019,São Paulo,Avaí FC,1,0
2019,Chapecoense,Fluminense,1,1
2019,Chapecoense,Atlético-MG,1,2
2019,Corinthians,Grêmio,0,0
2019,Corinthians,Flamengo,1,1
2019,Corinthians,Fortaleza,3,2
2019,Athletico-PR,Vasco da Gama,4,1
2019,Athletico-PR,Corinthians,0,2
2019,Atlético-MG,Palmeiras,0,2
2019,Atlético-MG,Ceará SC,2,1
2019,Atlético-MG,Santos FC,2,0
2019,Internacional,CSA,2,0
2019,Internacional,Avaí FC,2,0
2019,Internacional,Palmeiras,1,1
2019,Internacional,Atlético-MG,2,1
2019,Vasco da Gama,Atlético-MG,1,2
2019,Vasco da Gama,Fluminense,2,1
2019,Avaí FC,Internacional,0,2
2019,Botafogo,Corinthians,1,0
2019,Botafogo,Ceará SC,1,1
2019,Cruzeiro,Ceará SC,1,0
2019,Cruzeiro,Palmeiras,0,2
2019,EC Bahia,Fluminense,3,2
2019,EC Bahia,Cruzeiro,0,0
2019,Ceará SC,Santos FC,0,1
2019,Ceará SC,EC Bahia,0,0
2019,Goiás EC,Ceará SC,2,1
2019,Goiás EC,Cruzeiro,1,0
2019,Goiás EC,Grêmio,3,2
2019,Santos FC,Fluminense,2,1
2019,Santos FC,Ceará SC,2,1
2019,Fluminense,Ceará SC,1,1
2019,Chapecoense,Internacional,2,0
2019,Chapecoense,Fortaleza,1,3
2019,Chapecoense,Goiás EC,2,2
2019,Corinthians,São Paulo,1,0
2019,Corinthians,Fluminense,1,2
2019,Athletico-PR,EC Bahia,1,0
2019,Atlético-MG,Avaí FC,2,1
2019,Atlético-MG,Grêmio,1,4
2019,Internacional,Santos FC,0,0
2019,Vasco da Gama,Ceará SC,1,0
2019,Flamengo,Goiás EC,6,1
2019,Ceará SC,Avaí FC,1,0
2019,Fortaleza,EC Bahia,2,1
2019,Goiás EC,Santos FC,0,3
2019,Santos FC,Internacional,0,0
2019,São Paulo,Chapecoense,4,0
2019,Athletico-PR,Internacional,1,0
2019,Vasco da Gama,Avaí FC,1,1
2019,Botafogo,EC Bahia,3,2
2019,Botafogo,Palmeiras,0,1
2019,Botafogo,Grêmio,0,1
2019,Santos FC,Vasco da Gama,3,0
2019,Santos FC,São Paulo,1,1
2019,Fluminense,Botafogo,0,1
2019,São Paulo,Cruzeiro,1,1
2019,São Paulo,Palmeiras,1,1
2019,Corinthians,Vasco da Gama,1,0
2019,Athletico-PR,Palmeiras,1,1
2019,Vasco da Gama,Internacional,2,1
2019,EC Bahia,Grêmio,1,0
2018,Vasco da Gama,Atlético-MG,2,1
2018,Vasco da Gama,América-MG,4,1
2018,Vasco da Gama,EC Vitória,2,3
2018,Vasco da Gama,Paraná,1,0
2018,Vasco da Gama,Botafogo,1,2
2018,Vasco da Gama,Sport Recife,3,2
2018,Vasco da Gama,Fluminense,1,1
2018,Vasco da Gama,Grêmio,1,0
2018,Ceará SC,Sport Recife,1,0
2018,Ceará SC,Santos FC,1,1
2018,EC Vitória,Flamengo,2,2
2018,EC Vitória,Fluminense,1,2
2018,EC Vitória,Ceará SC,2,1
2018,EC Vitória,Internacional,2,3
2018,EC Vitória,Chapecoense,1,0
2018,EC Vitória,Paraná,1,0
2018,EC Vitória,Sport Recife,1,0
2018,EC Vitória,Cruzeiro,1,1
2018,Corinthians,Fluminense,2,1
2018,Corinthians,Ceará SC,1,1
2018,Corinthians,Palmeiras,1,0
2018,Corinthians,América-MG,1,0
2018,Corinthians,Santos FC,1,1
2018,Corinthians,EC Vitória,0,0
2018,Corinthians,Botafogo,2,0
2018,Corinthians,Cruzeiro,2,0
2018,Corinthians,Atlético-PR,0,0
2018,Fluminense,Cruzeiro,1,0
2018,Fluminense,São Paulo,1,1
2018,Fluminense,Atlético-PR,2,0
2018,Fluminense,Chapecoense,3,1
2018,Fluminense,Santos FC,0,1
2018,Fluminense,Palmeiras,1,0
2018,Fluminense,EC Bahia,1,1
2018,Chapecoense,Vasco da Gama,1,1
2018,Chapecoense,Paraná,1,1
2018,Chapecoense,Flamengo,3,2
2018,Chapecoense,Ceará SC,2,0
2018,Chapecoense,Cruzeiro,2,0
2018,Chapecoense,EC Bahia,1,1
2018,Chapecoense,Santos FC,0,0
2018,Chapecoense,Grêmio,1,1
2018,Sport Recife,Corinthians,1,1
2018,Palmeiras,Chapecoense,0,0
2018,Palmeiras,EC Bahia,3,0
2018,Palmeiras,Sport Recife,2,3
2018,Palmeiras,São Paulo,3,1
2018,Palmeiras,Flamengo,1,1
2018,Palmeiras,Atlético-MG,3,2
2018,Palmeiras,Paraná,3,0
2018,Botafogo,Palmeiras,1,1
2018,Botafogo,Grêmio,2,1
2018,Botafogo,Fluminense,2,1
2018,Botafogo,EC Vitória,1,1
2018,Botafogo,Ceará SC,0,0
2018,Botafogo,Atlético-PR,2,0
2018,Botafogo,Chapecoense,1,0
2018,Botafogo,Santos FC,0,0
2018,Santos FC,Ceará SC,2,0
2018,Palmeiras,Internacional,1,0
2018,Santos FC,Cruzeiro,0,1
2018,Santos FC,Palmeiras,1,1
2018,São Paulo,Paraná,1,0
2018,São Paulo,Atlético-MG,2,2
2018,São Paulo,Santos FC,1,0
2018,São Paulo,Botafogo,3,2
2018,São Paulo,Internacional,0,0
2018,São Paulo,EC Vitória,3,0
2018,São Paulo,Corinthians,3,1
2018,São Paulo,Vasco da Gama,2,1
2018,Paraná,Corinthians,0,4
2018,Paraná,Sport Recife,1,2
2018,Paraná,Grêmio,0,0
2018,Paraná,Atlético-PR,0,0
2018,Paraná,Fluminense,2,1
2018,Paraná,EC Bahia,1,0
2018,Paraná,Cruzeiro,1,1
2018,Paraná,América-MG,1,0
2018,Paraná,Ceará SC,0,1
2018,Grêmio,Atlético-PR,0,0
2018,Grêmio,Santos FC,5,1
2018,Grêmio,Internacional,0,0
2018,Grêmio,Fluminense,0,0
2018,Grêmio,Palmeiras,0,2
2018,Grêmio,América-MG,1,0
2018,Grêmio,Atlético-MG,2,0
2018,Grêmio,São Paulo,2,1
2018,Grêmio,Flamengo,2,0
2018,Atlético-PR,Chapecoense,5,1
2018,Atlético-PR,Palmeiras,1,3
2018,Atlético-PR,Atlético-MG,1,2
2018,Atlético-PR,Santos FC,2,0
2018,Atlético-PR,São Paulo,0,1
2018,Atlético-PR,Internacional,2,2
2018,Atlético-PR,EC Vitória,4,0
2018,Cruzeiro,Grêmio,0,1
2018,Cruzeiro,Botafogo,1,0
2018,Cruzeiro,Sport Recife,2,0
2018,Cruzeiro,Palmeiras,1,0
2018,Cruzeiro,Vasco da Gama,1,1
2018,Cruzeiro,América-MG,3,1
2018,Cruzeiro,Atlético-PR,2,1
2018,Cruzeiro,São Paulo,0,2
2018,Cruzeiro,Ceará SC,0,2
2018,Santos FC,Paraná,3,1
2018,Santos FC,EC Vitória,5,2
2018,Santos FC,Internacional,1,2
2018,Santos FC,Flamengo,1,1
2018,Santos FC,América-MG,0,1
2018,Ceará SC,São Paulo,0,0
2018,Ceará SC,Flamengo,0,3
2018,Ceará SC,América-MG,2,2
2018,Ceará SC,Grêmio,0,1
2018,Ceará SC,Cruzeiro,0,1
2018,Ceará SC,Palmeiras,2,2
2018,América-MG,Sport Recife,3,0
2018,América-MG,EC Vitória,2,1
2018,América-MG,Botafogo,1,0
2018,América-MG,São Paulo,1,3
2018,América-MG,Atlético-PR,3,1
2018,América-MG,Atlético-MG,1,3
2018,América-MG,Chapecoense,0,0
2018,América-MG,Internacional,2,1
2018,América-MG,Palmeiras,0,0
2018,Sport Recife,Botafogo,1,1
2018,Sport Recife,EC Bahia,2,0
2018,Sport Recife,Atlético-MG,3,2
2018,Sport Recife,Atlético-PR,1,0
2018,Sport Recife,Grêmio,0,0
2018,Sport Recife,Fluminense,1,2
2018,Sport Recife,Chapecoense,1,1
2018,Internacional,EC Bahia,2,0
2018,Internacional,Cruzeiro,0,0
2018,Internacional,Chapecoense,3,0
2018,Internacional,Corinthians,2,1
2018,Internacional,Sport Recife,0,0
2018,Internacional,Vasco da Gama,3,1
2018,Internacional,Ceará SC,1,0
2018,Internacional,Botafogo,3,0
2018,EC Bahia,Santos FC,1,0
2018,EC Bahia,Atlético-PR,0,0
2018,EC Bahia,São Paulo,2,2
2018,EC Bahia,Vasco da Gama,3,0
2018,EC Bahia,Grêmio,0,2
2018,EC Bahia,Botafogo,3,3
2018,EC Bahia,Corinthians,1,0
2018,EC Bahia,EC Vitória,4,1
2018,EC Bahia,Atlético-MG,2,2
2018,Fluminense,Flamengo,0,2
2018,Vasco da Gama,Corinthians,1,4
2018,Ceará SC,Fluminense,1,0
2018,Atlético-MG,EC Vitória,2,1
2018,Atlético-MG,Corinthians,1,0
2018,Atlético-MG,Cruzeiro,1,0
2018,Atlético-MG,Flamengo,0,1
2018,Atlético-MG,Chapecoense,3,3
2018,Atlético-MG,Fluminense,5,2
2018,Atlético-MG,Ceará SC,2,1
2018,Atlético-MG,Paraná,2,0
2018,Atlético-MG,Internacional,0,1
2018,Flamengo,América-MG,2,0
2018,Flamengo,Internacional,2,0
2018,Flamengo,Vasco da Gama,1,1
2018,Flamengo,EC Bahia,2,0
2018,Flamengo,Corinthians,1,0
2018,Flamengo,Paraná,2,0
2018,Flamengo,São Paulo,0,1
2018,Flamengo,Botafogo,2,0
2018,Flamengo,Sport Recife,4,1
2018,Ceará SC,Atlético-PR,0,0
2018,EC Vitória,Palmeiras,0,3
2018,EC Vitória,Vasco da Gama,1,0
2018,EC Vitória,São Paulo,0,1
2018,EC Vitória,Grêmio,0,0
2018,Corinthians,Paraná,1,0
2018,Corinthians,Flamengo,0,3
2018,Corinthians,EC Bahia,2,1
2018,Fluminense,Internacional,0,3
2018,Fluminense,Corinthians,1,0
2018,Fluminense,EC Vitória,0,0
2018,Fluminense,Paraná,4,0
2018,Fluminense,América-MG,1,0
2018,Chapecoense,Atlético-PR,2,1
2018,Chapecoense,Fluminense,1,2
2018,Chapecoense,EC Vitória,0,1
2018,Vasco da Gama,Santos FC,0,3
2018,Palmeiras,Botafogo,2,0
2018,Palmeiras,Corinthians,1,0
2018,Palmeiras,Santos FC,3,2
2018,Palmeiras,América-MG,4,0
2018,Palmeiras,EC Vitória,3,2
2018,Botafogo,Sport Recife,2,0
2018,Botafogo,Cruzeiro,1,1
2018,Botafogo,Vasco da Gama,1,1
2018,Botafogo,EC Bahia,0,1
2018,São Paulo,Fluminense,1,1
2018,São Paulo,América-MG,1,1
2018,São Paulo,Grêmio,1,1
2018,Paraná,Santos FC,0,2
2018,Grêmio,EC Vitória,4,0
2018,Grêmio,Cruzeiro,1,1
2018,Grêmio,Botafogo,4,0
2018,Grêmio,Paraná,2,0
2018,Grêmio,Ceará SC,3,2
2018,Grêmio,EC Bahia,2,2
2018,Grêmio,Sport Recife,3,4
2018,Grêmio,Chapecoense,2,0
2018,Grêmio,Corinthians,1,0
2018,Atlético-PR,EC Bahia,2,0
2018,Atlético-PR,Fluminense,3,1
2018,Atlético-PR,Paraná,3,0
2018,Atlético-PR,Botafogo,2,1
2018,Atlético-PR,Corinthians,1,0
2018,Santos FC,Grêmio,0,0
2018,Palmeiras,Grêmio,2,0
2018,Cruzeiro,Fluminense,2,1
2018,Cruzeiro,Internacional,0,0
2018,Cruzeiro,Flamengo,0,2
2018,Santos FC,Vasco da Gama,1,1
2018,Santos FC,Atlético-MG,3,2
2018,Ceará SC,Botafogo,0,0
2018,América-MG,Fluminense,0,0
2018,América-MG,Flamengo,2,2
2018,Sport Recife,Palmeiras,0,1
2018,Sport Recife,Internacional,2,1
2018,Sport Recife,Vasco da Gama,2,1
2018,Sport Recife,Flamengo,0,1
2018,Sport Recife,Santos FC,2,1
2018,Internacional,Paraná,1,0
2018,Internacional,Palmeiras,0,0
2018,Internacional,Atlético-MG,1,2
2018,Atlético-MG,Vasco da Gama,0,0
2018,Atlético-MG,Atlético-PR,3,1
2018,Atlético-MG,Sport Recife,5,2
2018,Flamengo,Ceará SC,0,1
2018,Flamengo,Chapecoense,2,0
2018,Flamengo,Fluminense,3,0
2018,Flamengo,Santos FC,1,0
2018,Flamengo,Grêmio,2,0
2018,Flamengo,Atlético-PR,1,2
2018,Vasco da Gama,Chapecoense,3,1
2018,Vasco da Gama,EC Bahia,2,1
2018,Vasco da Gama,Cruzeiro,2,0
2018,EC Bahia,Paraná,2,0
2018,Ceará SC,EC Bahia,0,2
2018,EC Vitória,Santos FC,0,1
2018,EC Vitória,Corinthians,2,2
2018,Corinthians,Sport Recife,2,1
2018,Corinthians,Internacional,1,1
2018,Corinthians,Vasco da Gama,1,0
2018,Corinthians,Chapecoense,0,0
2018,Fluminense,Botafogo,1,0
2018,Fluminense,Grêmio,0,1
2018,Fluminense,Atlético-MG,1,0
2018,Fluminense,Ceará SC,0,0
2018,Chapecoense,Corinthians,2,1
2018,Chapecoense,Atlético-MG,1,0
2018,Chapecoense,América-MG,1,0
2018,Chapecoense,Botafogo,0,1
2018,Chapecoense,Sport Recife,2,1
2018,Palmeiras,Atlético-PR,2,0
2018,Botafogo,Corinthians,1,0
2018,São Paulo,Chapecoense,2,0
2018,São Paulo,Flamengo,2,2
2018,São Paulo,Sport Recife,0,0
2018,Paraná,Chapecoense,1,1
2018,Paraná,Atlético-MG,0,1
2018,Grêmio,Vasco da Gama,2,1
2018,Atlético-PR,Vasco da Gama,1,0
2018,Atlético-PR,Flamengo,3,0
2018,Atlético-PR,Sport Recife,4,0
2018,Atlético-PR,Cruzeiro,2,0
2018,Atlético-PR,Ceará SC,2,2
2018,Palmeiras,Cruzeiro,3,1
2018,Santos FC,Corinthians,1,0
2018,Cruzeiro,Atlético-MG,0,0
2018,Cruzeiro,Santos FC,2,1
2018,Santos FC,Sport Recife,3,0
2018,Santos FC,São Paulo,0,0
2018,Santos FC,Fluminense,3,0
2018,Santos FC,Botafogo,1,1
2018,Ceará SC,Corinthians,2,1
2018,Ceará SC,EC Vitória,2,0
2018,Ceará SC,Internacional,1,1
2018,Ceará SC,Paraná,1,0
2018,América-MG,Vasco da Gama,2,1
2018,América-MG,Ceará SC,0,0
2018,Cruzeiro,Chapecoense,3,0
2018,América-MG,Cruzeiro,1,2
2018,América-MG,Paraná,0,1
2018,Sport Recife,São Paulo,1,3
2018,Sport Recife,Ceará SC,1,0
2018,Internacional,EC Vitória,2,1
2018,Internacional,Atlético-PR,2,1
2018,Internacional,Fluminense,2,0
2018,EC Bahia,América-MG,1,0
2018,EC Bahia,Internacional,0,1
2018,EC Bahia,Ceará SC,2,1
2018,Vasco da Gama,Flamengo,1,1
2018,Atlético-MG,Santos FC,3,1
2018,Flamengo,EC Vitória,1,0
2018,Flamengo,Atlético-MG,2,1
2018,Vasco da Gama,Ceará SC,1,1
2018,Vasco da Gama,Internacional,1,1
2018,Vasco da Gama,São Paulo,2,0
2018,Vasco da Gama,Palmeiras,0,1
2018,EC Vitória,Botafogo,3,4
2018,Fluminense,Vasco da Gama,0,1
2018,Fluminense,Sport Recife,0,0
2018,Chapecoense,Palmeiras,1,2
2018,Chapecoense,Internacional,2,1
2018,Chapecoense,São Paulo,1,0
2018,Palmeiras,Vasco da Gama,1,0
2018,Botafogo,Atlético-MG,0,3
2018,Botafogo,São Paulo,2,2
2018,Botafogo,Flamengo,2,1
2018,Botafogo,Paraná,2,1
2018,São Paulo,Ceará SC,1,0
2018,São Paulo,EC Bahia,1,0
2018,São Paulo,Atlético-PR,0,0
2018,Paraná,Botafogo,1,1
2018,Paraná,Flamengo,0,4
2018,Paraná,EC Vitória,1,1
2018,Paraná,Internacional,1,1
2018,Atlético-PR,Grêmio,2,1
2018,Palmeiras,Ceará SC,2,1
2018,Cruzeiro,EC Bahia,1,1
2018,Cruzeiro,Paraná,3,1
2018,Cruzeiro,Corinthians,1,0
2018,Santos FC,EC Bahia,2,0
2018,Santos FC,Atlético-PR,1,0
2018,Ceará SC,Chapecoense,3,1
2018,Ceará SC,Atlético-MG,2,1
2018,América-MG,Grêmio,1,1
2018,América-MG,Santos FC,2,1
2018,América-MG,EC Bahia,1,0
2018,Sport Recife,América-MG,0,2
2018,Sport Recife,Cruzeiro,0,0
2018,Internacional,Flamengo,2,1
2018,Internacional,Grêmio,1,0
2018,Internacional,São Paulo,3,1
2018,Internacional,Santos FC,2,2
2018,Internacional,América-MG,2,0
2018,EC Bahia,Sport Recife,2,0
2018,EC Bahia,Palmeiras,1,1
2018,EC Bahia,Flamengo,0,0
2018,EC Bahia,Fluminense,2,0
2018,Atlético-MG,São Paulo,1,0
2018,Atlético-MG,América-MG,0,0
2018,Atlético-MG,EC Bahia,1,0
2018,Atlético-MG,Botafogo,1,0
2018,Flamengo,Cruzeiro,1,0
2018,Flamengo,Palmeiras,1,1
2018,EC Bahia,Cruzeiro,0,0
2018,EC Vitória,América-MG,1,0
2018,EC Vitória,EC Bahia,2,2
2018,EC Vitória,Atlético-PR,1,2
2018,Corinthians,Grêmio,0,1
2018,Corinthians,Atlético-MG,1,1
2018,Palmeiras,Fluminense,3,0
2018,Botafogo,Internacional,1,0
2018,São Paulo,Palmeiras,0,2
2018,São Paulo,Cruzeiro,1,0
2018,Paraná,São Paulo,1,1
2018,Paraná,Vasco da Gama,1,1
2018,Atlético-PR,América-MG,4,0
2018,Santos FC,Chapecoense,0,1
2018,Cruzeiro,EC Vitória,3,0
2018,América-MG,Corinthians,0,0
2018,Sport Recife,Paraná,1,0
2018,Sport Recife,EC Vitória,0,0
2018,Vasco da Gama,Atlético-PR,1,1
2018,EC Vitória,Atlético-MG,1,0
2018,Corinthians,São Paulo,1,1
2018,Botafogo,América-MG,1,0
2018,Ceará SC,Vasco da Gama,0,0
2018,EC Bahia,Chapecoense,1,0
2018,Atlético-MG,Grêmio,0,1
2018,Atlético-MG,Palmeiras,1,1
2018,Paraná,Palmeiras,1,1
